Date,Photo URL,Message
2026-06-12 08:00,https://ghostarchitect.dev/assets/promo/day01-8am.png,"Your Magento codebase
has a story.
Most teams don't know what it's saying. Ghost Architect™ reads it in minutes.

#GhostArchitect #PreEngagement #CodeTriage"
2026-06-12 11:30,https://ghostarchitect.dev/assets/promo/day01-1130am.png,"3,000 files.
147 conflict zones.
14 hotspots.
Ghost Architect™ found them before you touched a line of code.

#GhostArchitect #PreEngagement #CodeTriage"
2026-06-12 14:00,https://ghostarchitect.dev/assets/promo/day01-2pm.png,"Fix Forecast™
says: know before
you scope.
H1 fix: 4 hours. H5 fix: project risk. Not after the SOW. Before.

#GhostArchitect #PreEngagement #CodeTriage"
2026-06-12 17:30,https://ghostarchitect.dev/assets/promo/day01-530pm.png,"The question your
client can't answer.
Ghost Architect™ can. npm install -g ghost-architect-open

#GhostArchitect #PreEngagement #CodeTriage"
2026-06-13 08:00,https://ghostarchitect.dev/assets/promo/day02-8am.png,"Scope creep starts
in the estimate.
Ghost Architect™ Fix Forecast™ ends guessing before the SOW is signed.

#GhostArchitect #PreEngagement #CodeTriage"
2026-06-13 11:30,https://ghostarchitect.dev/assets/promo/day02-1130am.png,"H1. H2. H3.
H4. H5.
That's your risk ladder. Ghost Architect™ shows you every rung before you climb.

#GhostArchitect #PreEngagement #CodeTriage"
2026-06-13 14:00,https://ghostarchitect.dev/assets/promo/day02-2pm.png,"August 11, 2026.
Adobe Commerce
2.4.6 goes EOL.
Ghost Architect™ tells you how far your client has to go. Today.

#GhostArchitect #PreEngagement #CodeTriage"
2026-06-13 17:30,https://ghostarchitect.dev/assets/promo/day02-530pm.png,"Free scan.
Real data.
No demo call.
Just: npm install -g ghost-architect-open — and the truth about your codebase.

#GhostArchitect #PreEngagement #CodeTriage"
2026-06-16 08:00,https://ghostarchitect.dev/assets/promo/day03-8am.png,"One question.
One answer.
Right now.
Ghost Architect™ Question Mode. Open tier. Free. No full scan. No wait.

#GhostArchitect #PreEngagement #CodeTriage"
2026-06-16 11:30,https://ghostarchitect.dev/assets/promo/day03-1130am.png,"""Is the checkout
safe to touch?""
Ghost Architect™ answers that. And the three questions after it. Instantly.

#GhostArchitect #PreEngagement #CodeTriage"
2026-06-16 14:00,https://ghostarchitect.dev/assets/promo/day03-2pm.png,"POI. Blast.
Conflict.
One run.
Three scans. Zero surprises. Ghost Architect™ pre-engagement triage.

#GhostArchitect #PreEngagement #CodeTriage"
2026-06-16 17:30,https://ghostarchitect.dev/assets/promo/day03-530pm.png,"Other tools
review PRs.
Ghost Architect™ works before you write one. Any codebase. Any language.

#GhostArchitect #PreEngagement #CodeTriage"
2026-06-17 08:00,https://ghostarchitect.dev/assets/promo/day04-8am.png,"61 days to
Adobe Commerce
2.4.6 EOL.
How complex is your client's upgrade? Ghost Architect™ tells you this afternoon.

#GhostArchitect #PreEngagement #CodeTriage"
2026-06-17 11:30,https://ghostarchitect.dev/assets/promo/day04-1130am.png,"Unscoped upgrade.
Blown budget.
Fired consultant.
Ghost Architect™ Commit Forecast™ rewrites that story before it starts.

#GhostArchitect #PreEngagement #CodeTriage"
2026-06-17 14:00,https://ghostarchitect.dev/assets/promo/day04-2pm.png,"Your EOL proposal
window closes fast.
Show up with data, not guesses. Ghost Architect™ gives you the data.

#GhostArchitect #PreEngagement #CodeTriage"
2026-06-17 17:30,https://ghostarchitect.dev/assets/promo/day04-530pm.png,"Free to start.
No credit card.
No sales call.
npm install -g ghost-architect-open — your next client meeting just got sharper.

#GhostArchitect #PreEngagement #CodeTriage"
2026-06-18 08:00,https://ghostarchitect.dev/assets/promo/day05-8am.png,"Ghost Portal™
is live.
Self-serve. Instant access. No waiting list. signup.ghostarchitect.dev

#GhostArchitect #PreEngagement #CodeTriage"
2026-06-18 11:30,https://ghostarchitect.dev/assets/promo/day05-1130am.png,"PDF. Markdown.
Plain text.
All three.
One Fix Forecast™ run. Hand the PDF to the client. Keep the Markdown for your team.

#GhostArchitect #PreEngagement #CodeTriage"
2026-06-18 14:00,https://ghostarchitect.dev/assets/promo/day05-2pm.png,"Blast cost
isn't theoretical.
Ghost Architect™ tracks it per file, per run, for real. Mode 2N. Real numbers.

#GhostArchitect #PreEngagement #CodeTriage"
2026-06-18 17:30,https://ghostarchitect.dev/assets/promo/day05-530pm.png,"Seven versions.
One unified CLI.
Ghost Architect™ v7.2.2 — the version that ships clean. ghost-architect-open on npm.

#GhostArchitect #PreEngagement #CodeTriage"
2026-06-19 08:00,https://ghostarchitect.dev/assets/promo/day06-8am.png,"A real demo.
A real codebase.
The room got quiet.
Ghost Architect™ ran. That's triage with receipts.

#GhostArchitect #PreEngagement #CodeTriage"
2026-06-19 11:30,https://ghostarchitect.dev/assets/promo/day06-1130am.png,"Scan one: POI.
Scan two: Blast.
Scan three: win.
By scan four you own the room. Ghost Architect™ Fix Forecast™.

#GhostArchitect #PreEngagement #CodeTriage"
2026-06-19 14:00,https://ghostarchitect.dev/assets/promo/day06-2pm.png,"Two tools.
One platform.
Full coverage.
Ghost Listener™ watches production. Ghost Architect™ triages before you touch it.

#GhostArchitect #PreEngagement #CodeTriage"
2026-06-19 17:30,https://ghostarchitect.dev/assets/promo/day06-530pm.png,"Know before
you hire anyone.
Any codebase. Any stack. Platform-agnostic pre-engagement triage. Free to start.

#GhostArchitect #PreEngagement #CodeTriage"
2026-06-20 08:00,https://ghostarchitect.dev/assets/promo/day07-8am.png,"52 days to
Adobe Commerce
2.4.6 EOL.
Your client still hasn't scoped the upgrade. Ghost Architect™ changes that today.

#GhostArchitect #PreEngagement #CodeTriage"
2026-06-20 11:30,https://ghostarchitect.dev/assets/promo/day07-1130am.png,"23 conflict zones.
8 hotspots.
6 sprints.
Client signed scope same week. Ghost Architect™ Fix Forecast™.

#GhostArchitect #PreEngagement #CodeTriage"
2026-06-20 14:00,https://ghostarchitect.dev/assets/promo/day07-2pm.png,"What does it cost
to NOT triage?
Blown timelines. Surprise re-scopes. Ghost Architect™ Pro starts at $99/mo.

#GhostArchitect #PreEngagement #CodeTriage"
2026-06-20 17:30,https://ghostarchitect.dev/assets/promo/day07-530pm.png,"Magento. Laravel.
Next.js. Whatever
you inherited.
Platform-agnostic pre-engagement triage. npm install -g ghost-architect-open

#GhostArchitect #PreEngagement #CodeTriage"
2026-06-23 08:00,https://ghostarchitect.dev/assets/promo/day08-8am.png,"""Is the payment
module safe
to refactor?""
Ghost Architect™ Question Mode. Open tier. Free. One question. Real answer.

#GhostArchitect #PreEngagement #CodeTriage"
2026-06-23 11:30,https://ghostarchitect.dev/assets/promo/day08-1130am.png,"Commit Forecast™.
Fix Forecast™.
Blast scan.
Three modes. One CLI. Zero surprises. Ghost Architect™ v7.2.2.

#GhostArchitect #PreEngagement #CodeTriage"
2026-06-23 14:00,https://ghostarchitect.dev/assets/promo/day08-2pm.png,"Brace-depth aware.
Real blast cost.
Not guesswork.
Mode 2N inserts with precision. Narrator cost labeled (est). This is Ghost Architect™.

#GhostArchitect #PreEngagement #CodeTriage"
2026-06-23 17:30,https://ghostarchitect.dev/assets/promo/day08-530pm.png,"Combined reports.
Real cost tracking.
Re-forecast protection.
This is what serious pre-engagement triage looks like. v7.2.2 on npm now.

#GhostArchitect #PreEngagement #CodeTriage"
2026-06-24 08:00,https://ghostarchitect.dev/assets/promo/day09-8am.png,"Walk in with
a triage report.
Walk out with the contract. Ghost Architect™ gives you the data behind the confidence.

#GhostArchitect #PreEngagement #CodeTriage"
2026-06-24 11:30,https://ghostarchitect.dev/assets/promo/day09-1130am.png,"45 minutes
before the call.
Ghost Architect™ scans it in 20. You walk in knowing what they don't.

#GhostArchitect #PreEngagement #CodeTriage"
2026-06-24 14:00,https://ghostarchitect.dev/assets/promo/day09-2pm.png,"Ghost Architect™ Pro.
$99/month.
Unlimited scans. Full Fix Forecast™. Combined reports. Ghost Portal™ access.

#GhostArchitect #PreEngagement #CodeTriage"
2026-06-24 17:30,https://ghostarchitect.dev/assets/promo/day09-530pm.png,"Ghost Team™.
$399/month.
Shared portal. Shared intel. One account. Every consultant. signup.ghostarchitect.dev

#GhostArchitect #PreEngagement #CodeTriage"
2026-06-25 08:00,https://ghostarchitect.dev/assets/promo/day10-8am.png,"Stop scoping
from gut feel.
Ghost Architect™ is the gut check with receipts. Pre-engagement triage. Start free.

#GhostArchitect #PreEngagement #CodeTriage"
2026-06-25 11:30,https://ghostarchitect.dev/assets/promo/day10-1130am.png,"Kodus reviews PRs.
Ghost Architect™
works before any PR.
Pre-engagement. Not post-commit. Different category entirely.

#GhostArchitect #PreEngagement #CodeTriage"
2026-06-25 14:00,https://ghostarchitect.dev/assets/promo/day10-2pm.png,"Every codebase has
a blast radius.
Most teams find it by accident. Ghost Architect™ finds it on purpose.

#GhostArchitect #PreEngagement #CodeTriage"
2026-06-25 17:30,https://ghostarchitect.dev/assets/promo/day10-530pm.png,"Know your codebase
before you touch it.
Ghost Architect™ — pre-engagement triage. npm install -g ghost-architect-open

#GhostArchitect #PreEngagement #CodeTriage"
2026-06-26 08:00,https://ghostarchitect.dev/assets/promo/day11-8am.png,"The estimate
is the risk.
Ghost Architect™ Fix Forecast™ makes the risk visible before the SOW exists.

#GhostArchitect #PreEngagement #CodeTriage"
2026-06-26 11:30,https://ghostarchitect.dev/assets/promo/day11-1130am.png,"""Where are the
payment integrations?""
Ghost Architect™ answers that in under a minute. Open tier. Free.

#GhostArchitect #PreEngagement #CodeTriage"
2026-06-26 14:00,https://ghostarchitect.dev/assets/promo/day11-2pm.png,"Self-serve onboarding.
GitHub OAuth.
Instant access.
Ghost Portal™ is live at signup.ghostarchitect.dev — no sales call needed.

#GhostArchitect #PreEngagement #CodeTriage"
2026-06-26 17:30,https://ghostarchitect.dev/assets/promo/day11-530pm.png,"Not just Magento.
Not just PHP.
Any codebase.
Ghost Architect™ works on any language, any platform, any stack. Start free.

#GhostArchitect #PreEngagement #CodeTriage"
2026-06-27 08:00,https://ghostarchitect.dev/assets/promo/day12-8am.png,"Pre-engagement
is the new
competitive moat.
The consultant who triages first wins the scope. Ghost Architect™ makes that easy.

#GhostArchitect #PreEngagement #CodeTriage"
2026-06-27 11:30,https://ghostarchitect.dev/assets/promo/day12-1130am.png,"Blast radius:
traced.
Risk: mapped.
Ghost Architect™ Conflict + Blast scan. Know the landmines before you step.

#GhostArchitect #PreEngagement #CodeTriage"
2026-06-27 14:00,https://ghostarchitect.dev/assets/promo/day12-2pm.png,"Multi-select
Fix Forecast™.
H1 through H5.
Combined reports. JSON-refactored extraction. v7.2.2 is the version that ships.

#GhostArchitect #PreEngagement #CodeTriage"
2026-06-27 17:30,https://ghostarchitect.dev/assets/promo/day12-530pm.png,"4 scans free.
No license needed.
No gatekeeping.
Ghost Architect™ Open tier. Try the full triage workflow before you pay a dollar.

#GhostArchitect #PreEngagement #CodeTriage"
2026-06-30 08:00,https://ghostarchitect.dev/assets/promo/day13-8am.png,"Your team triages
every codebase
the same way.
Ghost Architect™ Team plan. One portal. Every consultant. Consistent methodology.

#GhostArchitect #PreEngagement #CodeTriage"
2026-06-30 11:30,https://ghostarchitect.dev/assets/promo/day13-1130am.png,"Adobe Commerce
2.4.6 EOL is
not a drill.
August 11 is the deadline. Ghost Architect™ tells you the scope of the upgrade. Today.

#GhostArchitect #PreEngagement #CodeTriage"
2026-06-30 14:00,https://ghostarchitect.dev/assets/promo/day13-2pm.png,"Commit Forecast™
looks forward.
Where are you relative to a clean upgrade path? Ghost Architect™ answers that.

#GhostArchitect #PreEngagement #CodeTriage"
2026-06-30 17:30,https://ghostarchitect.dev/assets/promo/day13-530pm.png,"One command.
The truth about
your codebase.
npm install -g ghost-architect-open — then run it on anything you've inherited.

#GhostArchitect #PreEngagement #CodeTriage"
2026-07-01 08:00,https://ghostarchitect.dev/assets/promo/day14-8am.png,"One bad engagement
costs more than
a year of Pro.
Ghost Architect™ Pro: $99/mo. One surprise re-scope pays for the whole year.

#GhostArchitect #PreEngagement #CodeTriage"
2026-07-01 11:30,https://ghostarchitect.dev/assets/promo/day14-1130am.png,"Read the repo
before you
quote it.
Ghost Architect™ — pre-engagement triage. The truth before the SOW.

#GhostArchitect #PreEngagement #CodeTriage"
2026-07-01 14:00,https://ghostarchitect.dev/assets/promo/day14-2pm.png,"Ghost Architect™.
Ghost Listener™.
Ghost Portal™.
Three tools. One platform. Pre-engagement to production. ghostarchitect.dev

#GhostArchitect #PreEngagement #CodeTriage"
2026-07-01 17:30,https://ghostarchitect.dev/assets/promo/day14-530pm.png,"Know your codebase
before you touch it.
Ghost Architect™ — pre-engagement triage. npm install -g ghost-architect-open

#GhostArchitect #PreEngagement #CodeTriage"